index,name,isin,url,keyword,sheet
17,AB Euro Corporate Bond Ptf ETF EUR Acc GBP,LU3322521785,https://www.ajbell.co.uk/market-research/LSE:EBND,This share can be held in a Dealing account,ETF
37,Amundi CAC 40 Daily 2x Leveraged ETF Acc EUR,FR0010592014,https://www.ajbell.co.uk/market-research/CHIX:LVCP,,ETF
57,Amundi Core MSCI World ETF Acc USD,IE000BI8OT95,https://www.ajbell.co.uk/market-research/LSE:MWRU,This share can be held in a Dealing account,ETF
77,Amundi Core USD Corp Bd ETF GBP H Dist,LU2621112452,https://www.ajbell.co.uk/market-research/LSE:PRUB,"This share can be held in a Dealing account, Stocks and shares ISA, Lifetime ISA, JISA, SIPP and Dividend reinvestment",ETF
97,Amundi EUR Infl Expct 2-10Y ETF Acc GBP,LU1390062245,https://www.ajbell.co.uk/market-research/LSE:INFL,"This share can be held in a Dealing account, Stocks and shares ISA, Lifetime ISA, JISA, SIPP and Dividend reinvestment",ETF
117,Amundi Global Qual Inc ETF Acc USD,LU0855692520,https://www.ajbell.co.uk/market-research/LSE:SGQD,"This share can be held in a Dealing account, Stocks and shares ISA, Lifetime ISA, JISA and SIPP",ETF
137,Amundi USD High Yld Corp Bd ESG ETF Dis GBP,LU1435356149,https://www.ajbell.co.uk/market-research/LSE:UHYG,"This share can be held in a Dealing account, Stocks and shares ISA, Lifetime ISA, JISA and SIPP",ETF
157,Amundi Global Luxury ETF USD Acc GBP,LU1681048713,https://www.ajbell.co.uk/market-research/LSE:LUXG,"This share can be held in a Dealing account, Stocks and shares ISA, Lifetime ISA, JISA, SIPP, Regular investment and Dividend reinvestment",ETF
177,Amundi MSCIJpnSRIClmtPrsAlgdETFDRHdgUSDC,LU1646359882,https://www.ajbell.co.uk/market-research/LSE:JPXU,"This share can be held in a Dealing account, Stocks and shares ISA, Lifetime ISA, JISA and SIPP",ETF
197,Amundi IS Prime Japan ETF DR USD,LU1931974775,https://www.ajbell.co.uk/market-research/LSE:PRJU,,ETF
217,Amundi MSCI Brazil ETF Acc GBP,LU1900066207,https://www.ajbell.co.uk/market-research/LSE:RIOL,"This share can be held in a Dealing account, Stocks and shares ISA, Lifetime ISA, JISA, SIPP, Regular investment and Dividend reinvestment",ETF
237,Amundi MSCI Disruptive Tech ETF Acc CHF,LU2023678282,https://www.ajbell.co.uk/market-research/XSWX:QBIT,,ETF
257,Amundi MSCI EmMktsSRIClmtPrsAlgdETFDRD,LU2059756754,https://www.ajbell.co.uk/market-research/LSE:MSDU,"This share can be held in a Dealing account, Stocks and shares ISA, Lifetime ISA, JISA, SIPP and Dividend reinvestment",ETF
277,Amundi MSCI Greece ETF Dist EUR,FR0010405431,https://www.ajbell.co.uk/market-research/XETR:LYMH,,ETF
297,Amundi MSCIPacExJpnSRIClmtPrsAlgdETFDR£D,LU2469335298,https://www.ajbell.co.uk/market-research/LSE:MPXG,"This share can be held in a Dealing account, Stocks and shares ISA, Lifetime ISA, JISA, SIPP and Dividend reinvestment",ETF
317,Amundi MSCI Smart Cities ETF ACC GBP,LU2037748345,https://www.ajbell.co.uk/market-research/LSE:IQCY,"This share can be held in a Dealing account, Stocks and shares ISA, Lifetime ISA, JISA, SIPP and Dividend reinvestment",ETF
337,Amundi MSCI Water UCITS ETF Acc EUR,FR0014002CH1,https://www.ajbell.co.uk/market-research/XPAR:WATC,This share can be held in a Dealing account and SIPP,ETF
357,Amundi Nasdaq-100 Daily 2x Lvrgd ETF Acc,FR0010342592,https://www.ajbell.co.uk/market-research/XPAR:LQQ,"This share can be held in a Dealing account, Stocks and shares ISA, Lifetime ISA, JISA and SIPP",ETF
377,Amundi Russell 1000 Growth ETF Acc GBP,IE0005E8B9S4,https://www.ajbell.co.uk/market-research/LSE:MWOT,This share can be held in a Dealing account,ETF
397,Amundi US$ Infl Expct 10Y ETF Acc GBP,LU1390062831,https://www.ajbell.co.uk/market-research/LSE:INFG,"This share can be held in a Dealing account, Stocks and shares ISA, Lifetime ISA, JISA, SIPP and Dividend reinvestment",ETF
417,Amundi USD CorpBdClmtPrsAlgdETFAcc,LU1285959885,https://www.ajbell.co.uk/market-research/LSE:USIC,"This share can be held in a Dealing account, Stocks and shares ISA, Lifetime ISA, JISA, SIPP and Dividend reinvestment",ETF
437,Avantis Europe Equity ETF USD Acc GBP,IE000SDFJUU0,https://www.ajbell.co.uk/market-research/LSE:AVUE,"This share can be held in a Dealing account, Stocks and shares ISA, Lifetime ISA, JISA, SIPP and Dividend reinvestment",ETF
457,BNPP EASY Alpha Enh USD Corp Bd ETF CAP GBP,LU2993397939,https://www.ajbell.co.uk/market-research/LSE:QCGB,This share can be held in a Dealing account,ETF
477,BNP Paribas Easy ESG Enh Wld ETF $ Cap USD,IE000629MKR4,https://www.ajbell.co.uk/market-research/LSE:AWDS,This share can be held in a Dealing account,ETF
497,BNPP EASY MSCI Jpn Min TE ETF £ Cap,LU3125583602,https://www.ajbell.co.uk/market-research/LSE:EJAG,"This share can be held in a Dealing account, Stocks and shares ISA, Lifetime ISA and JISA",ETF
517,CO Eurizon SLJ EM Bd Strat Inc ETF A$Dis,IE000Y36NRJ2,https://www.ajbell.co.uk/market-research/LSE:EBUD,This share can be held in a Dealing account,ETF
537,CT QR Series Global Eq Act ETF Acc USD,IE000M07S996,https://www.ajbell.co.uk/market-research/LSE:QRGE,This share can be held in a Dealing account,ETF
557,EMQQ Emerging Markets Internet ETFAcc,IE00BFYN8Y92,https://www.ajbell.co.uk/market-research/LSE:EMQQ,"This share can be held in a Dealing account, Stocks and shares ISA, Lifetime ISA, JISA and SIPP",ETF
577,Fidelity EUR HY Corp Bd Rsh EnhPABETFInc USD,IE000HDEYKM3,https://www.ajbell.co.uk/market-research/LSE:FYEI,,ETF
597,Fidelity Glbl HY CorpBdRshEnhPABETFInc$H,IE000B8VAQZ8,https://www.ajbell.co.uk/market-research/LSE:FGHU,,ETF
617,Fidelity US Quality Income ETF GBP H Acc,IE00BYV03C98,https://www.ajbell.co.uk/market-research/LSE:FUSP,"This share can be held in a Dealing account, Stocks and shares ISA, Lifetime ISA, JISA, SIPP and Dividend reinvestment",ETF
637,FirstTrustBlmbrgGlbSmcndctrSpplyChnETFA$,IE000KXTLDE2,https://www.ajbell.co.uk/market-research/LSE:CHPS,This share can be held in a Dealing account,ETF
657,First Trust Eurozone AlphaDEX® ETF A GBP,IE00B8X9NY41,https://www.ajbell.co.uk/market-research/LSE:FEUZ,"This share can be held in a Dealing account, Stocks and shares ISA, Lifetime ISA, JISA and SIPP",ETF
677,First Trust Indxx Glb Arspc&DfncETFA$Acc GBP,IE000NVDQXE1,https://www.ajbell.co.uk/market-research/LSE:ICBM,"This share can be held in a Dealing account, Stocks and shares ISA, Lifetime ISA, JISA, SIPP, Regular investment and Dividend reinvestment",ETF
697,First Trust SMID Rsng Div Achv ETF A$Acc GBP,IE0001R850E1,https://www.ajbell.co.uk/market-research/LSE:SMID,"This share can be held in a Dealing account, Stocks and shares ISA, Lifetime ISA, JISA, SIPP, Regular investment and Dividend reinvestment",ETF
717,First TrustVstNasdaq100ModBffrETFMarAAcc GBP,IE0006S0EBF2,https://www.ajbell.co.uk/market-research/LSE:MARQ,This share can be held in a Dealing account,ETF
737,First Trst VstUSEqModBffrETFNovA$Acc GBP,IE000OJ31JQ4,https://www.ajbell.co.uk/market-research/LSE:NOVB,"This share can be held in a Dealing account, Stocks and shares ISA, Lifetime ISA, JISA, SIPP and Dividend reinvestment",ETF
757,Franklin Euro Short Maturity ETF EUR,IE00BFWXDY69,https://www.ajbell.co.uk/market-research/LSE:FLES,"This share can be held in a Dealing account, Stocks and shares ISA, Lifetime ISA, JISA and SIPP",ETF
777,Franklin FTSE India UCITS ETF GBP,IE00BHZRQZ17,https://www.ajbell.co.uk/market-research/LSE:FRIN,"This share can be held in a Dealing account, Stocks and shares ISA, Lifetime ISA, JISA, SIPP, Regular investment and Dividend reinvestment",ETF
797,Franklin S&P 500 Comm Svs ETF $ Acc,IE000TMJDGV1,https://www.ajbell.co.uk/market-research/LSE:USCS,This share can be held in a Dealing account,ETF
817,Franklin US Income Equity Focus ETF$Dis,IE0001T0BHM5,https://www.ajbell.co.uk/market-research/LSE:INCE,This share can be held in a Dealing account,ETF
837,GLOBAL X 1-3 Month T-Bill ETF USD Acc,IE000GSIFIB0,https://www.ajbell.co.uk/market-research/LSE:CLIP,"This share can be held in a Dealing account, Stocks and shares ISA, Lifetime ISA, JISA and SIPP",ETF
857,Global X Cloud Computing ETF USD Acc GBP,IE00BMH5YF48,https://www.ajbell.co.uk/market-research/LSE:CLO6,"This share can be held in a Dealing account, Stocks and shares ISA, Lifetime ISA, JISA, SIPP and Dividend reinvestment",ETF
877,Global X Europe Fcs Dfnc Tech ETF € Acc GBP,IE000WRQ9RR1,https://www.ajbell.co.uk/market-research/LSE:EDEG,"This share can be held in a Dealing account, Stocks and shares ISA, Lifetime ISA, JISA, SIPP and Dividend reinvestment",ETF
897,Global X Renewable Ey Producers ETF $Acc GBP,IE00BLCHJH52,https://www.ajbell.co.uk/market-research/LSE:RNRU,"This share can be held in a Dealing account, Stocks and shares ISA, Lifetime ISA, JISA, SIPP and Dividend reinvestment",ETF
917,Global X SuperDividend ETF USD Dis,IE00077FRP95,https://www.ajbell.co.uk/market-research/LSE:SDIV,This share can be held in a Dealing account,ETF
937,Gold Bullion Securities GBP,GB00B00FHZ82,https://www.ajbell.co.uk/market-research/LSE:GBSS,"This share can be held in a Dealing account, Stocks and shares ISA, Lifetime ISA, JISA, SIPP, Regular investment and Dividend reinvestment",ETF
957,GS Glb Credit Pl Actv ETF Cls USD Acc,IE000TZOB1X7,https://www.ajbell.co.uk/market-research/LSE:GCPA,This share can be held in a Dealing account,ETF
977,GraniteShares 1x Short FAANG Daily ETC GBP,XS2679090162,https://www.ajbell.co.uk/market-research/LSE:SFNP,"This share can be held in a Dealing account, Stocks and shares ISA, Lifetime ISA, SIPP and Dividend reinvestment",ETF
997,GraniteShares 3x Long Coinbase Daily ETP GBP,XS2575914176,https://www.ajbell.co.uk/market-research/LSE:LCO3,"This share can be held in a Dealing account, Stocks and shares ISA, Lifetime ISA, SIPP and Dividend reinvestment",ETF
1017,GraniteShares 3x Long Netflix Daily ETP GBP,XS2617255687,https://www.ajbell.co.uk/market-research/LSE:3LNP,"This share can be held in a Dealing account, Stocks and shares ISA, Lifetime ISA, SIPP and Dividend reinvestment",ETF
1037,GraniteShares 3x Long Tesla Daily ETP,XS2656472193,https://www.ajbell.co.uk/market-research/LSE:3LTS,"This share can be held in a Dealing account, Stocks and shares ISA, Lifetime ISA and SIPP",ETF
1057,GraniteShares 3x Shrt AstraZeneca Dl ETC,XS2703639117,https://www.ajbell.co.uk/market-research/LSE:3SAZ,"This share can be held in a Dealing account, Stocks and shares ISA, Lifetime ISA, SIPP and Dividend reinvestment",ETF
1077,GraniteShares 3x Short Netflix Daily ETP GBP,XS3075487986,https://www.ajbell.co.uk/market-research/LSE:3SNP,"This share can be held in a Dealing account, Stocks and shares ISA, Lifetime ISA, SIPP and Dividend reinvestment",ETF
1097,GraniteShares FAANG ETC,XS2679084603,https://www.ajbell.co.uk/market-research/LSE:FANG,"This share can be held in a Dealing account, Stocks and shares ISA, Lifetime ISA, JISA and SIPP",ETF
1117,HANetf II Performance Trust TR Bd ETF EUR,IE000X5OD4M3,https://www.ajbell.co.uk/market-research/MIL:PTAM,,ETF
1137,HSBC Emerging Market Screened Eq ETF$Dis GBP,IE000XYBMEH0,https://www.ajbell.co.uk/market-research/LSE:HSMSLN,"This share can be held in a Dealing account, Stocks and shares ISA, Lifetime ISA, JISA, SIPP and Dividend reinvestment",ETF
1157,HSBC FTSE EPRA NAREIT Dev ETF USD (Acc),IE000G6GSP88,https://www.ajbell.co.uk/market-research/LSE:HPRA,"This share can be held in a Dealing account, Stocks and shares ISA, Lifetime ISA, JISA and SIPP",ETF
1177,HSBC Sust Devpmt Bk Bds ETF ETFC USD,IE000L6BRPZ8,https://www.ajbell.co.uk/market-research/LSE:HDBA,"This share can be held in a Dealing account, Stocks and shares ISA, Lifetime ISA, JISA and SIPP",ETF
1197,HSBC MSCI CHINA A ETF USD (Acc),IE000Z4OYPZ6,https://www.ajbell.co.uk/market-research/LSE:HCAA,,ETF
1217,HSBC MSCI Europe Islamic Scrn ETF EURAcc GBP,IE000AGFZM58,https://www.ajbell.co.uk/market-research/LSE:HIPS,"This share can be held in a Dealing account, Stocks and shares ISA, Lifetime ISA, JISA, SIPP, Regular investment and Dividend reinvestment",ETF
1237,HSBC MSCI Pacific ex Japan ETF USD (Acc) GBP,IE000SGVQIZ9,https://www.ajbell.co.uk/market-research/LSE:HMXS,"This share can be held in a Dealing account, Stocks and shares ISA, Lifetime ISA, JISA, SIPP, Regular investment and Dividend reinvestment",ETF
1257,HSBC MSCI World ETF,IE00B4X9L533,https://www.ajbell.co.uk/market-research/LSE:HMWD,"This share can be held in a Dealing account, Stocks and shares ISA, Lifetime ISA, JISA and SIPP",ETF
1277,HSBC Pl EM Eq Quant Act ETF USD Acc,IE000UERNJ93,https://www.ajbell.co.uk/market-research/LSE:HQEM,This share can be held in a Dealing account,ETF
1297,HSBC USA Screened Equity ETF,IE00BKY40J65,https://www.ajbell.co.uk/market-research/LSE:HSUD,"This share can be held in a Dealing account, Stocks and shares ISA, Lifetime ISA, JISA and SIPP",ETF
1317,IncomeShares Analog Dvcs (ADI) Opts ETP,XS3299466493,https://www.ajbell.co.uk/market-research/LSE:ADIY,This share can be held in a Dealing account,ETF
1337,IncomeShares Circle Intrnt (CRCL)OptsETP,XS3299468861,https://www.ajbell.co.uk/market-research/LSE:CRCY,This share can be held in a Dealing account,ETF
1357,IncomeShares Lam Rsrch (LRCX) Opts ETP,XS3299466220,https://www.ajbell.co.uk/market-research/LSE:LRCY,This share can be held in a Dealing account,ETF
1377,IncomeShares NVIDIA NVDA Options ETP,XS2852999692,https://www.ajbell.co.uk/market-research/LSE:NVDI,This share can be held in a Dealing account,ETF
1397,IncomeShares Spr Micro Comp(SMCI)OptsETP,XS3299465412,https://www.ajbell.co.uk/market-research/LSE:SMCY,This share can be held in a Dealing account,ETF
1417,Invesco CoinShares Global Blockchain ETF,IE00BGBN6P67,https://www.ajbell.co.uk/market-research/LSE:BCHN,"This share can be held in a Dealing account, Stocks and shares ISA, Lifetime ISA, JISA and SIPP",ETF
1437,Invesco EURO STOXX 50 ETF GBP,IE00B60SWX25,https://www.ajbell.co.uk/market-research/LSE:SX5S,"This share can be held in a Dealing account, Stocks and shares ISA, Lifetime ISA, JISA, SIPP, Regular investment and Dividend reinvestment",ETF
1457,Invesco Global Actv ESG Eq ETF USD Acc GBP,IE00BJQRDN15,https://www.ajbell.co.uk/market-research/LSE:IQSS,"This share can be held in a Dealing account, Stocks and shares ISA, Lifetime ISA, JISA, SIPP and Dividend reinvestment",ETF
1477,InvescoBulletShrs2027USDCorpBdETFGBPHAcc,IE000JUB0QM2,https://www.ajbell.co.uk/market-research/LSE:B27X,"This share can be held in a Dealing account, Stocks and shares ISA, Lifetime ISA, JISA, SIPP and Dividend reinvestment",ETF
1497,Invesco BulletShrs2030USDCorpBdETFUSDAcc,IE00034XRBU1,https://www.ajbell.co.uk/market-research/LSE:BS0A,This share can be held in a Dealing account,ETF
1517,Invesco Europe Enhanced Eq ETF € Acc GBP,IE000YNVI4W4,https://www.ajbell.co.uk/market-research/LSE:IQEX,This share can be held in a Dealing account,ETF
1537,Invesco MSCI Japan Unvrsl Scrn ETF,IE00BMDBMV87,https://www.ajbell.co.uk/market-research/LSE:ESGJ,"This share can be held in a Dealing account, Stocks and shares ISA, Lifetime ISA, JISA and SIPP",ETF
1557,Invesco S&P World Info Tech ESG ETF Acc,IE000Q0IU5T1,https://www.ajbell.co.uk/market-research/LSE:WDTE,"This share can be held in a Dealing account, Stocks and shares ISA, Lifetime ISA, JISA and SIPP",ETF
1577,Invesco GBP Overnight Return SwapETF£Acc GBP,IE0006N7AK90,https://www.ajbell.co.uk/market-research/LSE:GONS,"This share can be held in a Dealing account, Stocks and shares ISA, Lifetime ISA, JISA, SIPP, Regular investment and Dividend reinvestment",ETF
1597,Invesco MSCI China Tech AS Stk Cnct ETF,IE00BM8QS095,https://www.ajbell.co.uk/market-research/LSE:MCHT,"This share can be held in a Dealing account, Stocks and shares ISA, Lifetime ISA, JISA and SIPP",ETF
1617,Invesco MSCI Saudi Arabia ETF GBP,IE00BFWMQ331,https://www.ajbell.co.uk/market-research/LSE:MSAP,"This share can be held in a Dealing account, Stocks and shares ISA, Lifetime ISA, JISA, SIPP, Regular investment and Dividend reinvestment",ETF
1637,Invesco NASDAQ-100 Swap ETF Acc,IE00BNRQM384,https://www.ajbell.co.uk/market-research/LSE:EQQS,This share can be held in a Dealing account,ETF
1657,Invesco Preferred Shares ETF,IE00BDVJF675,https://www.ajbell.co.uk/market-research/LSE:PRFD,"This share can be held in a Dealing account, Stocks and shares ISA, Lifetime ISA, JISA and SIPP",ETF
1677,Invesco S&P 500 Low Volatility ETF Acc,IE00BKW9SX35,https://www.ajbell.co.uk/market-research/LSE:SPLW,"This share can be held in a Dealing account, Stocks and shares ISA, Lifetime ISA, JISA, SIPP and Dividend reinvestment",ETF
1697,Invesco UK Gilts ETF GBP Inc,IE00BG0TQC25,https://www.ajbell.co.uk/market-research/LSE:GLTP,"This share can be held in a Dealing account, Stocks and shares ISA, Lifetime ISA, JISA, SIPP, Regular investment and Dividend reinvestment",ETF
1717,Invesco US Trs Bd 3-7 Yr ETF USD Dis GBP,IE00BF2FNQ44,https://www.ajbell.co.uk/market-research/LSE:TR7G,"This share can be held in a Dealing account, Stocks and shares ISA, Lifetime ISA, JISA, SIPP, Regular investment and Dividend reinvestment",ETF
1737,Invesco USD IG Corp Bd Yld Pl ETF $ Dis GBP,IE0009IAUUI1,https://www.ajbell.co.uk/market-research/LSE:UYLX,This share can be held in a Dealing account,ETF
1757,iShares $ Floating Rate Bd ETF USD Dist GBP,IE00BZ048462,https://www.ajbell.co.uk/market-research/LSE:FLO5,"This share can be held in a Dealing account, Stocks and shares ISA, Lifetime ISA, JISA, SIPP, Regular investment and Dividend reinvestment",ETF
1777,iShares $ TIPS 0-5 ETF USD Dist,IE00BDQYWQ65,https://www.ajbell.co.uk/market-research/LSE:TIP5,"This share can be held in a Dealing account, Stocks and shares ISA, Lifetime ISA, JISA and SIPP",ETF
1797,iShares $ Treasury Bd 20+y ETF USD Acc,IE00BFM6TC58,https://www.ajbell.co.uk/market-research/LSE:DTLA,"This share can be held in a Dealing account, Stocks and shares ISA, Lifetime ISA, JISA and SIPP",ETF
1817,iShares £ Ultrashort Bond ETF GBP Acc,IE000V5JWFM0,https://www.ajbell.co.uk/market-research/LSE:ERAN,"This share can be held in a Dealing account, Stocks and shares ISA, Lifetime ISA, JISA, SIPP, Regular investment and Dividend reinvestment",ETF
1837,iShares € Govt Bond 3-5yr ETF EUR Dist GBP,IE00B1FZS681,https://www.ajbell.co.uk/market-research/LSE:IBGX,"This share can be held in a Dealing account, Stocks and shares ISA, Lifetime ISA, JISA, SIPP, Regular investment and Dividend reinvestment",ETF
1857,iShares AI Innovation Active ETF $ Acc GBP,IE000G0E83X3,https://www.ajbell.co.uk/market-research/LSE:IART,"This share can be held in a Dealing account, Stocks and shares ISA, Lifetime ISA, JISA, SIPP and Dividend reinvestment",ETF
1877,iShares Broad Global Govt Bond ETFUSDAcc GBP,IE000I0U8OO3,https://www.ajbell.co.uk/market-research/LSE:IGBD,"This share can be held in a Dealing account, Stocks and shares ISA, Lifetime ISA, JISA, SIPP and Dividend reinvestment",ETF
1897,iShares Core Global Aggt Bd ETF GBPHDist,IE00BF540Y54,https://www.ajbell.co.uk/market-research/LSE:AGBP,"This share can be held in a Dealing account, Stocks and shares ISA, Lifetime ISA, JISA, SIPP, Regular investment and Dividend reinvestment",ETF
1917,iShares Core S&P 500 ETF USD Acc USD,IE00B5BMR087,https://www.ajbell.co.uk/market-research/LSE:CSPX,"This share can be held in a Dealing account, Stocks and shares ISA, Lifetime ISA, JISA and SIPP",ETF
1937,iShares Dev Mkts Prpty Yld ETF USD Dist USD,IE00B1FZS350,https://www.ajbell.co.uk/market-research/LSE:IDWP,"This share can be held in a Dealing account, Stocks and shares ISA, Lifetime ISA, JISA and SIPP",ETF
1957,iShares Edge MSCI Eurp Mom Fctr ETF €Acc GBP,IE00BQN1K786,https://www.ajbell.co.uk/market-research/LSE:IEFM,"This share can be held in a Dealing account, Stocks and shares ISA, Lifetime ISA, JISA, SIPP, Regular investment and Dividend reinvestment",ETF
1977,iShares Edge MSCI Wld Min Vol ETF $ Acc,IE00B8FHGS14,https://www.ajbell.co.uk/market-research/LSE:MVOL,"This share can be held in a Dealing account, Stocks and shares ISA, Lifetime ISA, JISA and SIPP",ETF
1997,iShares Em Mkts Eq Enh Actv ETF USD Acc GBP,IE000OVF8Q66,https://www.ajbell.co.uk/market-research/LSE:EMEE,"This share can be held in a Dealing account, Stocks and shares ISA, Lifetime ISA, JISA, SIPP, Regular investment and Dividend reinvestment",ETF
2017,iShares FTSE All World ETF USD (Acc) GBP,IE00097WZHZ9,https://www.ajbell.co.uk/market-research/LSE:FTAW,"This share can be held in a Dealing account, Stocks and shares ISA, Lifetime ISA, JISA, SIPP, Regular investment and Dividend reinvestment",ETF
2037,iShares Global Govt Bond ETF GBP H Dist,IE00BDFK3H31,https://www.ajbell.co.uk/market-research/LSE:IGLH,"This share can be held in a Dealing account, Stocks and shares ISA, Lifetime ISA, JISA, SIPP, Regular investment and Dividend reinvestment",ETF
2057,iShares Global Water ETF USD Dist GBP,IE00B1TXK627,https://www.ajbell.co.uk/market-research/LSE:IH2O,"This share can be held in a Dealing account, Stocks and shares ISA, Lifetime ISA, JISA, SIPP, Regular investment and Dividend reinvestment",ETF
2077,iShares iBonds Dec 2033 Trm $CorpETF$Acc,IE000K44CW70,https://www.ajbell.co.uk/market-research/LSE:ID33,This share can be held in a Dealing account,ETF
2097,iShares JPMorgan EM Lcl Govt Bd ETF$Dist,IE00B5M4WH52,https://www.ajbell.co.uk/market-research/LSE:IEML,"This share can be held in a Dealing account, Stocks and shares ISA, Lifetime ISA, JISA and SIPP",ETF
2117,IShares MSCI ACWI ETF USD Dist GBP,IE0002FCUS29,https://www.ajbell.co.uk/market-research/LSE:ISAD,"This share can be held in a Dealing account, Stocks and shares ISA, Lifetime ISA, JISA, SIPP and Dividend reinvestment",ETF
2137,iShares MSCI EM Latin Amer ETF USD Dist GBP,IE00B27YCK28,https://www.ajbell.co.uk/market-research/LSE:LTAM,"This share can be held in a Dealing account, Stocks and shares ISA, Lifetime ISA, JISA, SIPP, Regular investment and Dividend reinvestment",ETF
2157,iShares MSCI Europe Financials Sec ETF GBP,IE00BMW42306,https://www.ajbell.co.uk/market-research/LSE:ESIF,"This share can be held in a Dealing account, Stocks and shares ISA, Lifetime ISA, JISA, SIPP, Regular investment and Dividend reinvestment",ETF
2177,iShares MSCI Japan Scrn ETF USD Acc,IE00BFNM3L97,https://www.ajbell.co.uk/market-research/LSE:SAJP,"This share can be held in a Dealing account, Stocks and shares ISA, Lifetime ISA, JISA and SIPP",ETF
2197,iShares MSCI Saudi Arabia Cpd ETFUSDDist,IE00BJ5JPJ87,https://www.ajbell.co.uk/market-research/LSE:IKSD,"This share can be held in a Dealing account, Stocks and shares ISA, Lifetime ISA, JISA and SIPP",ETF
2217,iShares MSCI USA Qul Div Advcd ETF $ Dis GBP,IE00BKM4H312,https://www.ajbell.co.uk/market-research/LSE:HDIQ,"This share can be held in a Dealing account, Stocks and shares ISA, Lifetime ISA, JISA, SIPP and Dividend reinvestment",ETF
2237,iShares MSCI Wld HlthCrSect AdvcdETF$Acc GBP,IE0009QS7W62,https://www.ajbell.co.uk/market-research/LSE:WHCA,"This share can be held in a Dealing account, Stocks and shares ISA, Lifetime ISA, JISA, SIPP and Dividend reinvestment",ETF
2257,iShares MSCI World SRI ETF USD Dist,IE00BDZZTM54,https://www.ajbell.co.uk/market-research/LSE:SUWS,"This share can be held in a Dealing account, Stocks and shares ISA, Lifetime ISA, JISA and SIPP",ETF
2277,iShares Physical Palladium ETC GBP,IE00B4556L06,https://www.ajbell.co.uk/market-research/LSE:SPDM,"This share can be held in a Dealing account, Stocks and shares ISA, Lifetime ISA, JISA, SIPP, Regular investment and Dividend reinvestment",ETF
2297,iShares S&P 500 Equal Weight ETF USD Acc USD,IE000MLMNYS0,https://www.ajbell.co.uk/market-research/LSE:EWSX,"This share can be held in a Dealing account, Stocks and shares ISA, Lifetime ISA, JISA and SIPP",ETF
2317,iShares S&P 500 Top 20 ETF USD Acc GBP,IE000VA628D5,https://www.ajbell.co.uk/market-research/LSE:SP20,"This share can be held in a Dealing account, Stocks and shares ISA, Lifetime ISA, JISA, SIPP and Dividend reinvestment",ETF
2337,iShares STOXX Europe 600 Insurance (DE) EUR,DE000A0H08K7,https://www.ajbell.co.uk/market-research/FRA:EXH5,"This share can be held in a Dealing account, Stocks and shares ISA, Lifetime ISA, JISA and SIPP",ETF
2357,iShares UK Dividend ETF GBP Dist,IE00B0M63060,https://www.ajbell.co.uk/market-research/LSE:IUKD,"This share can be held in a Dealing account, Stocks and shares ISA, Lifetime ISA, JISA, SIPP, Regular investment and Dividend reinvestment",ETF
2377,iShares US Mortgage Backed Secs ETF $Acc,IE00BYXYYN70,https://www.ajbell.co.uk/market-research/LSE:IMBA,"This share can be held in a Dealing account, Stocks and shares ISA, Lifetime ISA, JISA and SIPP",ETF
2397,iShares Core MSCI EMU UCITS ETF £ H Dist,IE00BG0J9Y53,https://www.ajbell.co.uk/market-research/LSE:CEUG,"This share can be held in a Dealing account, Stocks and shares ISA, Lifetime ISA, JISA, SIPP, Regular investment and Dividend reinvestment",ETF
2417,iShares MSCI UK ETF GBP Acc GBP,IE00B539F030,https://www.ajbell.co.uk/market-research/LSE:CSUK,"This share can be held in a Dealing account, Stocks and shares ISA, Lifetime ISA, JISA, SIPP, Regular investment and Dividend reinvestment",ETF
2437,JH Global Rsh Engnrd Eq Act Cr ETF $ Acc,IE000Y3FZEN4,https://www.ajbell.co.uk/market-research/LSE:JGBL LN,,ETF
2457,JanusHenderson$MortgBckdScsActvCrETF$Acc GBP,IE000YMBL844,https://www.ajbell.co.uk/market-research/LSE:JMBT,This share can be held in a Dealing account,ETF
2477,JPM BetaBuilders US TreasuryBdETFGBPHAcc,IE00BK6Q9938,https://www.ajbell.co.uk/market-research/LSE:BBTP,"This share can be held in a Dealing account, Stocks and shares ISA, Lifetime ISA, JISA, SIPP and Dividend reinvestment",ETF
2497,JPM Eurp Rsh Enh Idx Eq SRI PAActETF€Acc GBP,IE0003UN5CT1,https://www.ajbell.co.uk/market-research/LSE:JESE,"This share can be held in a Dealing account, Stocks and shares ISA, Lifetime ISA, JISA, SIPP and Dividend reinvestment",ETF
2517,JPM Global Equity Multi-Fac ETF USD Dis,IE000A9QKUV7,https://www.ajbell.co.uk/market-research/LSE:JGLP,This share can be held in a Dealing account,ETF
2537,JPM US Equity Prm Inc Act ETF USD Dist EUR,IE000U5MJOZ6,https://www.ajbell.co.uk/market-research/XETR:JEIP,,ETF
2557,JPM BetaBuilders US Treasury BdETFUSDAcc,IE00BJK9HH50,https://www.ajbell.co.uk/market-research/LSE:BBTR,"This share can be held in a Dealing account, Stocks and shares ISA, Lifetime ISA, JISA and SIPP",ETF
2577,JPM Europe Rsrch Enh Eq Act ETF EUR Inc USD,IE000WGK3YY5,https://www.ajbell.co.uk/market-research/LSE:JERD,"This share can be held in a Dealing account, Stocks and shares ISA, Lifetime ISA, JISA and SIPP",ETF
2597,JPM Global Rsrch Enh Eq Act ETF GBP HAcc,IE000D9DX847,https://www.ajbell.co.uk/market-research/LSE:JGEP,,ETF
2617,JPM USD IG Corp Bd Act ETF USD acc,IE00BF59RV63,https://www.ajbell.co.uk/market-research/LSE:JRUB,"This share can be held in a Dealing account, Stocks and shares ISA, Lifetime ISA, JISA and SIPP",ETF
2637,JPM US Value Act UC ETF USD Dis,IE000DTA2ZH9,https://www.ajbell.co.uk/market-research/LSE:JAVD,"This share can be held in a Dealing account, Stocks and shares ISA, Lifetime ISA, JISA and SIPP",ETF
2657,Jury Global High Dividend ETF USD Dis GBP,IE0002HWPU75,https://www.ajbell.co.uk/market-research/LSE:JURP,This share can be held in a Dealing account,ETF
2677,KRC Cat Bond ETF USD Acc GBP,IE000UWJUW87,https://www.ajbell.co.uk/market-research/LSE:ILS,"This share can be held in a Dealing account, Stocks and shares ISA, Lifetime ISA, JISA, SIPP and Dividend reinvestment",ETF
2697,L&G Corp Bd exBk Hghr Rtngs 0-2Y ETF$Acc GBP,IE000CWS09Q9,https://www.ajbell.co.uk/market-research/LSE:XBNG,This share can be held in a Dealing account,ETF
2717,L&G EM Govt Bd USD 0-5 Yr Scrn ETFUSDDis GBP,IE00BLRPQP15,https://www.ajbell.co.uk/market-research/LSE:EMDG,"This share can be held in a Dealing account, Stocks and shares ISA, Lifetime ISA, JISA, SIPP and Dividend reinvestment",ETF
2737,L&G Global Quality Dividends ETF USD Acc GBP,IE000MRIQ479,https://www.ajbell.co.uk/market-research/LSE:GDAG,"This share can be held in a Dealing account, Stocks and shares ISA, Lifetime ISA, JISA, SIPP, Regular investment and Dividend reinvestment",ETF
2757,L&G MSCI Europe Select ETF EUR Acc GBP,IE00BKLTRN76,https://www.ajbell.co.uk/market-research/LSE:RIEG,"This share can be held in a Dealing account, Stocks and shares ISA, Lifetime ISA, JISA, SIPP, Regular investment and Dividend reinvestment",ETF
2777,L&G S&P 100 UCITS ETF USD Acc ETF GBP,IE000MU0FDZ8,https://www.ajbell.co.uk/market-research/LSE:SP1G LN,"This share can be held in a Dealing account, Stocks and shares ISA, Lifetime ISA, JISA, SIPP and Dividend reinvestment",ETF
2797,Leverage Shares -1x Apple ETP Secs EUR,IE00BKTWZ451,https://www.ajbell.co.uk/market-research/LSE:SAPE,,ETF
2817,Lvrg Shrs -1x Short Gldmn Schs ETP Scs,XS2297553153,https://www.ajbell.co.uk/market-research/LSE:SGS,This share can be held in a Dealing account,ETF
2837,Leverage Shares 2.25x Lg VIXS/TFutsETC-A GBP,XS3299470099,https://www.ajbell.co.uk/market-research/LSE:2VIX,"This share can be held in a Dealing account, Stocks and shares ISA, Lifetime ISA, SIPP and Dividend reinvestment",ETF
2857,Lvrg Shrs 2x Goldman Sachs ETP Secs A EUR,IE00BF03XR19,https://www.ajbell.co.uk/market-research/LSE:GS2E,This share can be held in a Dealing account,ETF
2877,Leverage Shares 2x NVIDIA ETP Secs A EUR,XS2820604853,https://www.ajbell.co.uk/market-research/LSE:NVDE,This share can be held in a Dealing account,ETF
2897,Leverage Shares 3x Alphabet ETP Secs EUR,IE00BK5BZX59,https://www.ajbell.co.uk/market-research/LSE:3GOE,This share can be held in a Dealing account,ETF
2917,Leverage Shares 3x Boeing ETP Scs EUR,XS3060315895,https://www.ajbell.co.uk/market-research/LSE:3BAE,This share can be held in a Dealing account,ETF
2937,Lvrg Shrs 3x Long ARK Innovt ETP Scs,XS2663694847,https://www.ajbell.co.uk/market-research/LSE:ARK3,"This share can be held in a Dealing account, Stocks and shares ISA, Lifetime ISA, JISA and SIPP",ETF
2957,Leverage Shares 3x Long China Tech ETP GBP,XS2800709128,https://www.ajbell.co.uk/market-research/LSE:3KWE,"This share can be held in a Dealing account, Stocks and shares ISA, Lifetime ISA, SIPP and Dividend reinvestment",ETF
2977,Leverage Shares 3x Long FAANG+ ETP Scs,XS3068790651,https://www.ajbell.co.uk/market-research/LSE:FAN3,This share can be held in a Dealing account,ETF
2997,LS 3x Lg Hims/Hers Hlth (HIMS) ETP Scs,XS3304270351,https://www.ajbell.co.uk/market-research/LSE:HIM3,This share can be held in a Dealing account,ETF
3017,Lvrg Shrs 3x Long Mercedes Bnz ETP Scs USD,XS2472333348,https://www.ajbell.co.uk/market-research/LSE:MBG3,This share can be held in a Dealing account,ETF
3037,Leverage Shares 3x Long NuScale PwrETP-A,XS3337012861,https://www.ajbell.co.uk/market-research/LSE:SMR3,This share can be held in a Dealing account,ETF
3057,Leverage Shares 3xLg Robinhd(HOOD)ETPScs GBP,XS3068789729,https://www.ajbell.co.uk/market-research/LSE:3HOD,"This share can be held in a Dealing account, Stocks and shares ISA, Lifetime ISA, SIPP and Dividend reinvestment",ETF
3077,Leverage Shares 3x Long SpaceX ETP,XS3388189477,https://www.ajbell.co.uk/market-research/LSE:ELON,"This share can be held in a Dealing account, Stocks and shares ISA, Lifetime ISA and SIPP",ETF
3097,Lvrg Shrs 3x Long US Tech 100 ETP Scs,XS2472197065,https://www.ajbell.co.uk/market-research/LSE:QQL3,"This share can be held in a Dealing account, Stocks and shares ISA, Lifetime ISA and SIPP",ETF
3117,Leverage Shares 3x Palantir ETP Scs EUR,XS2663694680,,,ETF
3137,Leverage Shares -3x Short Apple ETP Scs,XS2472334742,https://www.ajbell.co.uk/market-research/LSE:AAPS,"This share can be held in a Dealing account, Stocks and shares ISA, Lifetime ISA and SIPP",ETF
3157,Lvrg Shrs -3x Shrt Exxon (XOM) ETP Scs,XS2595672895,https://www.ajbell.co.uk/market-research/LSE:XO3S,"This share can be held in a Dealing account, Stocks and shares ISA, Lifetime ISA, JISA and SIPP",ETF
3177,Lvrg Shrs -3x Short India ETP Securities GBP,XS2595675567,https://www.ajbell.co.uk/market-research/LSE:3SIN,"This share can be held in a Dealing account, Stocks and shares ISA, Lifetime ISA, SIPP and Dividend reinvestment",ETF
3197,Lvrg Shrs -3x Short Oil & Gas ETP Scs,XS3308592610,https://www.ajbell.co.uk/market-research/LSE:XLGS,This share can be held in a Dealing account,ETF
3217,Leverage Shares 3x Short Taiwan ETC GBP,XS2472196760,https://www.ajbell.co.uk/market-research/LSE:STAI,"This share can be held in a Dealing account, Stocks and shares ISA, Lifetime ISA, SIPP and Dividend reinvestment",ETF
3237,Leverage Shares 3x Uber ETP Scs EUR,XS2337092550,https://www.ajbell.co.uk/market-research/LSE:3UBE,This share can be held in a Dealing account,ETF
3257,Lvrg Shrs 5x Long Nasdaq 100 ETP Scs EUR,XS2399364152,https://www.ajbell.co.uk/market-research/XAMS:5QQQ,,ETF
3277,Lvrg Shrs -5x Short Nasdaq 100 ETP Scs,XS3373449761,https://www.ajbell.co.uk/market-research/LSE:QQ3S,"This share can be held in a Dealing account, Stocks and shares ISA, Lifetime ISA and SIPP",ETF
3297,LS 1x Tesla Tracker ETP Scs GBP,XS2337093798,https://www.ajbell.co.uk/market-research/LSE:TSLA,"This share can be held in a Dealing account, Stocks and shares ISA, Lifetime ISA, SIPP and Dividend reinvestment",ETF
3317,M&G European AAA CLO Active ETF EUR USD,IE000FMF9DG3,https://www.ajbell.co.uk/market-research/LSE:AAAM,This share can be held in a Dealing account,ETF
3337,Amundi STOXX Europe 600 Banks ETF Acc EUR,LU1834983477,https://www.ajbell.co.uk/market-research/XPAR:BNK,"This share can be held in a Dealing account, Stocks and shares ISA, Lifetime ISA, JISA and SIPP",ETF
3357,Ossiam STOXX® Eur 600 ESG EqWgNRETF 1C EUR,LU0599613147,https://www.ajbell.co.uk/market-research/LSE:S6EW,"This share can be held in a Dealing account, Stocks and shares ISA, Lifetime ISA, JISA and SIPP",ETF
3377,PIMCO Sterling Short Maturity ETF,IE00B622SG73,https://www.ajbell.co.uk/market-research/LSE:QUID,"This share can be held in a Dealing account, Stocks and shares ISA, Lifetime ISA, JISA, SIPP, Regular investment and Dividend reinvestment",ETF
3397,Rize Cybersecurity Data Privacy ETF,IE00BJXRZJ40,https://www.ajbell.co.uk/market-research/LSE:CYBR,"This share can be held in a Dealing account, Stocks and shares ISA, Lifetime ISA, JISA and SIPP",ETF
3417,Robeco Europe Dynamic Hi Yld ETF EUR Acc GBP,IE0000LTAD82,https://www.ajbell.co.uk/market-research/LSE:RHYE,This share can be held in a Dealing account,ETF
3437,SG Natural Gas X5 Daily Long USD ETN,GB00BF6XFS04,https://www.ajbell.co.uk/market-research/LSE:SG26,,ETF
3457,Stt Strt Blackstone EuroAAACLOETF€UnHAcc GBP,IE000VU9AUN9,https://www.ajbell.co.uk/market-research/LSE:ECLO,This share can be held in a Dealing account,ETF
3477,Stt Strt SPDR Blmbrg 3-7 Yr US Trs BdETF,IE00BYSZ5R67,https://www.ajbell.co.uk/market-research/LSE:TRS5,"This share can be held in a Dealing account, Stocks and shares ISA, Lifetime ISA, JISA and SIPP",ETF
3497,Stt Strt SPDR BlmbrgUSHiYldCorpScoredETF GBP,IE00B99FL386,https://www.ajbell.co.uk/market-research/LSE:JNKS,"This share can be held in a Dealing account, Stocks and shares ISA, Lifetime ISA, JISA, SIPP, Regular investment and Dividend reinvestment",ETF
3517,Stt Strt SPDRS&PDevQulAristETF$Unh(Acc) EUR,IE000IISJT64,https://www.ajbell.co.uk/market-research/XETR:QDEV,,ETF
3537,Stt Strt SPDR MSCI EURpe ValueETF € Acc GBP,IE00BSPLC306,https://www.ajbell.co.uk/market-research/LSE:EVAL,"This share can be held in a Dealing account, Stocks and shares ISA, Lifetime ISA, JISA, SIPP, Regular investment and Dividend reinvestment",ETF
3557,State Street SPDR MSCI Wld ETF GBP H Dis,IE0005POVJH8,https://www.ajbell.co.uk/market-research/LSE:SWLH,"This share can be held in a Dealing account, Stocks and shares ISA, Lifetime ISA, JISA, SIPP, Regular investment and Dividend reinvestment",ETF
3577,Stt Strt SPDRS&PGlbDivAristocratsScrnETF,IE00BYTH5S21,https://www.ajbell.co.uk/market-research/LSE:GEDV,"This share can be held in a Dealing account, Stocks and shares ISA, Lifetime ISA, JISA and SIPP",ETF
3597,Stt Strt SPDR S&PUSTechSelectSectETF GBP,IE00BWBXM948,https://www.ajbell.co.uk/market-research/LSE:GXLK,"This share can be held in a Dealing account, Stocks and shares ISA, Lifetime ISA, JISA, SIPP and Dividend reinvestment",ETF
3617,Stt Strt SPDR® MSCI EURpe MaterialsETF EUR,IE00BKWQ0L68,https://www.ajbell.co.uk/market-research/LSE:MTRL,"This share can be held in a Dealing account, Stocks and shares ISA, Lifetime ISA, JISA and SIPP",ETF
3637,UBS BBG MSCI US Liq Crp Sust ETF USD dis,LU1215461085,https://www.ajbell.co.uk/market-research/LSE:UC97,"This share can be held in a Dealing account, Stocks and shares ISA, Lifetime ISA, JISA and SIPP",ETF
3657,UBS CMCI Future Commodity SF ETF USD acc GBP,IE000WJCYGB4,https://www.ajbell.co.uk/market-research/LSE:CDTR,"This share can be held in a Dealing account, Stocks and shares ISA, Lifetime ISA, JISA, SIPP and Dividend reinvestment",ETF
3677,UBS Core MSCI Europe UCITS ETF EUR acc USD,LU0950668524,https://www.ajbell.co.uk/market-research/LSE:CHSU,This share can be held in a Dealing account,ETF
3697,UBS Core MSCI World ETF USD dis GBP,IE00B7KQ7B66,https://www.ajbell.co.uk/market-research/LSE:WRDD,"This share can be held in a Dealing account, Stocks and shares ISA, Lifetime ISA, JISA and SIPP",ETF
3717,UBS FS USD Overnight Rate SF ETF A-acc,IE000QVOGR82,https://www.ajbell.co.uk/market-research/LSE:USDO,This share can be held in a Dealing account,ETF
3737,UBS MSCI EM Socially Resp ETF USD dis GBP,LU1048313891,https://www.ajbell.co.uk/market-research/LSE:UC79,,ETF
3757,UBS MSCI United Kingdom ETF GBP dis GBP,LU0937836467,https://www.ajbell.co.uk/market-research/LSE:UC63,"This share can be held in a Dealing account, Stocks and shares ISA, Lifetime ISA, JISA, SIPP, Regular investment and Dividend reinvestment",ETF
3777,UBS Nasdaq-100 ETF USD dis GBP,IE0003RQ9F90,https://www.ajbell.co.uk/market-research/LSE:QQQE,"This share can be held in a Dealing account, Stocks and shares ISA, Lifetime ISA, JISA, SIPP and Dividend reinvestment",ETF
3797,UBS USD Treasury Yield Plus ETF USD dis GBP,LU3079567130,https://www.ajbell.co.uk/market-research/LSE:UTYP,This share can be held in a Dealing account,ETF
3817,VanEck Gold Miners UCITS ETF GBP,IE00BQQP9F84,https://www.ajbell.co.uk/market-research/LSE:GDGB,"This share can be held in a Dealing account, Stocks and shares ISA, Lifetime ISA, JISA, SIPP, Regular investment and Dividend reinvestment",ETF
3837,VanEck Morningstar US SMID Moat ETF A EUR,IE000SBU19F7,https://www.ajbell.co.uk/market-research/XETR:SMTV,,ETF
3857,VanEck Space Innovators ETF A USD Acc,IE000YU9K6K2,https://www.ajbell.co.uk/market-research/LSE:JEDI,"This share can be held in a Dealing account, Stocks and shares ISA, Lifetime ISA, JISA and SIPP",ETF
3877,Vanguard ESG Em Mkts All Cap ETF USD Inc,IE0001VXZTV7,https://www.ajbell.co.uk/market-research/LSE:V3ML,"This share can be held in a Dealing account, Stocks and shares ISA, Lifetime ISA, JISA and SIPP",ETF
3897,Vanguard FTSE AllWld HiDivYld ETF USDAcc,IE00BK5BR626,https://www.ajbell.co.uk/market-research/LSE:VHYA,,ETF
3917,Vanguard FTSE Dev World ETF USD Acc GBP,IE00BK5BQV03,https://www.ajbell.co.uk/market-research/LSE:VHVG,"This share can be held in a Dealing account, Stocks and shares ISA, Lifetime ISA, JISA, SIPP, Regular investment and Dividend reinvestment",ETF
3937,Vanguard ESG Glb Corp Bd ETF GBP H Inc,IE00BNDS1V99,https://www.ajbell.co.uk/market-research/LSE:V3GP,"This share can be held in a Dealing account, Stocks and shares ISA, Lifetime ISA, JISA, SIPP, Regular investment and Dividend reinvestment",ETF
3957,Vanguard US Treasury 3-7 Yr Bond ETF$Dis,IE000128BSS1,https://www.ajbell.co.uk/market-research/LSE:VITD LN,This share can be held in a Dealing account,ETF
3977,Vanguard USD Trs Bd ETF USD Acc,IE00BGYWFS63,https://www.ajbell.co.uk/market-research/LSE:VDTA,This share can be held in a Dealing account,ETF
3997,WisdomTree AT1 CoCo Bond UCITS ETF - USD,IE00BZ0XVF52,https://www.ajbell.co.uk/market-research/LSE:CCBO,"This share can be held in a Dealing account, Stocks and shares ISA, Lifetime ISA, JISA, SIPP and Dividend reinvestment",ETF
4017,WisdomTree Brent Crude Oil 3x Dly Lvrgd GBP,IE00BMTM6D55,https://www.ajbell.co.uk/market-research/LSE:3BLR,"This share can be held in a Dealing account, Stocks and shares ISA, Lifetime ISA, SIPP and Dividend reinvestment",ETF
4037,WisdomTree Cocoa 2x Daily Leveraged ETC,JE00B2NFV803,https://www.ajbell.co.uk/market-research/LSE:LCOC,"This share can be held in a Dealing account, Stocks and shares ISA, Lifetime ISA and SIPP",ETF
4057,WisdomTree DAX 3x Dl Lvrgd ETP,XS3306518492,https://www.ajbell.co.uk/market-research/LSE:3DEL,This share can be held in a Dealing account,ETF
4077,WisdomTree Enhanced Commodity Carry,XS3022291473,https://www.ajbell.co.uk/market-research/LSE:CRRY,This share can be held in a Dealing account,ETF
4097,WisdomTree Europe Equity Income UCIT ETF GBP,IE00BQZJBX31,https://www.ajbell.co.uk/market-research/LSE:EEI,"This share can be held in a Dealing account, Stocks and shares ISA, Lifetime ISA, JISA, SIPP, Regular investment and Dividend reinvestment",ETF
4117,WisdomTree Eurozone QualDivGr ETF EUR Ac,IE00BZ56TQ67,https://www.ajbell.co.uk/market-research/LSE:EGRA,"This share can be held in a Dealing account, Stocks and shares ISA, Lifetime ISA, JISA, SIPP and Dividend reinvestment",ETF
4137,WisdomTree Glbl Ex-USA Qual DivGrETF€Acc USD,IE000X7DRW38,https://www.ajbell.co.uk/market-research/LSE:DGXU,This share can be held in a Dealing account,ETF
4157,WisdomTree Gold ETC GBP,GB00B15KXX56,https://www.ajbell.co.uk/market-research/LSE:BULP,"This share can be held in a Dealing account, Stocks and shares ISA, Lifetime ISA, SIPP and Dividend reinvestment",ETF
4177,WisdomTree Livestock ETC,GB00B15KYK92,https://www.ajbell.co.uk/market-research/LSE:AIGL,"This share can be held in a Dealing account, Stocks and shares ISA, Lifetime ISA and SIPP",ETF
4197,WisdomTree NASDAQ 100 3x Daily Leveraged,IE00BLRPRL42,https://www.ajbell.co.uk/market-research/LSE:QQQ3,"This share can be held in a Dealing account, Stocks and shares ISA, Lifetime ISA and SIPP",ETF
4217,WisdomTree New Economy RE ETF - USD GBP,IE000X9TLGN8,https://www.ajbell.co.uk/market-research/LSE:WNEW,"This share can be held in a Dealing account, Stocks and shares ISA, Lifetime ISA, JISA, SIPP and Dividend reinvestment",ETF
4237,WisdomTree Physical Gold GBP Daily Hdgd,JE00B7VG2M16,https://www.ajbell.co.uk/market-research/LSE:GBSP,"This share can be held in a Dealing account, Stocks and shares ISA, Lifetime ISA, JISA, SIPP, Regular investment and Dividend reinvestment",ETF
4257,WisdomTree S&P 500 3x Daily Short GBP,IE00B8K7KM88,https://www.ajbell.co.uk/market-research/LSE:3ULS,"This share can be held in a Dealing account, Stocks and shares ISA, Lifetime ISA, SIPP and Dividend reinvestment",ETF
4277,WisdomTree Silver ETC,GB00B15KY328,https://www.ajbell.co.uk/market-research/LSE:SLVR,"This share can be held in a Dealing account, Stocks and shares ISA, Lifetime ISA and SIPP",ETF
4297,WisdomTree Strat Mtls&RareErthsMnrsETF$A,IE000KHX9DX6,https://www.ajbell.co.uk/market-research/LSE:RARE,This share can be held in a Dealing account,ETF
4317,WisdomTree US Eqty Income UCITS ETF Acc,IE00BD6RZT93,https://www.ajbell.co.uk/market-research/LSE:DHSA,"This share can be held in a Dealing account, Stocks and shares ISA, Lifetime ISA, JISA and SIPP",ETF
4337,WisdomTree Wheat 2x Daily Leveraged ETC,JE00BDD9QC84,https://www.ajbell.co.uk/market-research/LSE:LWEA,"This share can be held in a Dealing account, Stocks and shares ISA, Lifetime ISA and SIPP",ETF
4357,Xtrackers Commodity Swap ETF 1C,LU2278080713,https://www.ajbell.co.uk/market-research/LSE:XCMC,"This share can be held in a Dealing account, Stocks and shares ISA, Lifetime ISA, JISA and SIPP",ETF
4377,Xtrackers FTSE 100 ShDly Swp ETF 1C,LU0328473581,https://www.ajbell.co.uk/market-research/LSE:XUKS,"This share can be held in a Dealing account, Stocks and shares ISA, Lifetime ISA, SIPP and Dividend reinvestment",ETF
4397,Xtrackers IE Physical Gold GBP Hdg ETC 6,DE000A2UDH48,https://www.ajbell.co.uk/market-research/LSE:XGDG,"This share can be held in a Dealing account, Stocks and shares ISA, Lifetime ISA, JISA, SIPP and Dividend reinvestment",ETF
4417,Xtrackers Eurz Govt Bd ETF 1C EUR,LU0290355717,https://www.ajbell.co.uk/market-research/LSE:XGLE,"This share can be held in a Dealing account, Stocks and shares ISA, Lifetime ISA, JISA and SIPP",ETF
4437,Xtrackers II Salam USD Gbl Agg Sukuk ETF USD,LU3123443510,https://www.ajbell.co.uk/market-research/LSE:XASB,"This share can be held in a Dealing account, Stocks and shares ISA, Lifetime ISA and SIPP",ETF
4457,Xtrackers MSCI Africa Top 50 Swap ETF 1C,LU0592217524,https://www.ajbell.co.uk/market-research/LSE:XMAF,"This share can be held in a Dealing account, Stocks and shares ISA, Lifetime ISA, JISA and SIPP",ETF
4477,Xtrackers MSCI Em Mkts ex China ETF 1C USD,IE00BM67HJ62,https://www.ajbell.co.uk/market-research/LSE:XDEG,This share can be held in a Dealing account,ETF
4497,Xtrackers MSCI Europe Scr ETF 1C GBP,LU0322253732,https://www.ajbell.co.uk/market-research/LSE:XEUM,"This share can be held in a Dealing account, Stocks and shares ISA, Lifetime ISA, JISA, SIPP, Regular investment and Dividend reinvestment",ETF
4517,Xtrackers MSCI SDGs ETF 1C GBP,IE000PSF3A70,https://www.ajbell.co.uk/market-research/LSE:SDGX,"This share can be held in a Dealing account, Stocks and shares ISA, Lifetime ISA, JISA, SIPP and Dividend reinvestment",ETF
4537,Xtrackers MSCI Korea ETF 1C,LU0292100046,https://www.ajbell.co.uk/market-research/LSE:XKSD,"This share can be held in a Dealing account, Stocks and shares ISA, Lifetime ISA, JISA and SIPP",ETF
4557,Xtrackers MSCI Thailand ETF 1C,LU0514694701,https://www.ajbell.co.uk/market-research/LSE:XCS4,"This share can be held in a Dealing account, Stocks and shares ISA, Lifetime ISA, JISA and SIPP",ETF
4577,Xtrackers MSCI USA High Div ESG ETF 1D,IE000V04SL39,https://www.ajbell.co.uk/market-research/LSE:XZDU,"This share can be held in a Dealing account, Stocks and shares ISA, Lifetime ISA, JISA, SIPP and Dividend reinvestment",ETF
4597,Xtrackers MSCI World Con Discret ETF 1C,IE00BM67HP23,https://www.ajbell.co.uk/market-research/LSE:XDWC,"This share can be held in a Dealing account, Stocks and shares ISA, Lifetime ISA, JISA and SIPP",ETF
4617,Xtrackers MSCI World IT ETF 1C,IE00BM67HT60,https://www.ajbell.co.uk/market-research/LSE:XDWT,"This share can be held in a Dealing account, Stocks and shares ISA, Lifetime ISA, JISA and SIPP",ETF
4637,Xtrackers MSCI World Swap ETF 1D USD,LU2263803533,https://www.ajbell.co.uk/market-research/LSE:XWD1,"This share can be held in a Dealing account, Stocks and shares ISA, Lifetime ISA, JISA and SIPP",ETF
4657,Xtrackers Physical Gold GBP Hedged ETC,GB00B68FL050,https://www.ajbell.co.uk/market-research/LSE:XGLS,"This share can be held in a Dealing account, Stocks and shares ISA, Lifetime ISA, JISA, SIPP and Dividend reinvestment",ETF
4677,Xtrackers S&P 500 Scrd & Scrn ETF 1C GBP,IE0007ULOZS8,https://www.ajbell.co.uk/market-research/LSE:XZSS,"This share can be held in a Dealing account, Stocks and shares ISA, Lifetime ISA, JISA and SIPP",ETF
4697,Xtrackers Stoxx Global Div100 Swp ETF 1D GBP,LU0292096186,https://www.ajbell.co.uk/market-research/LSE:XGSD,"This share can be held in a Dealing account, Stocks and shares ISA, Lifetime ISA, JISA, SIPP, Regular investment and Dividend reinvestment",ETF
4717,Xtrackers Vietnam Swap ETF 1C GBP,LU0322252924,https://www.ajbell.co.uk/market-research/LSE:XFVT,"This share can be held in a Dealing account, Stocks and shares ISA, Lifetime ISA, JISA, SIPP, Regular investment and Dividend reinvestment",ETF
